split,dimension,value,count,percent
public_exam,country,United States,603,70.0
public_exam,country,China,94,10.9
public_exam,country,United Kingdom,86,10.0
public_exam,country,Australia,78,9.1
public_exam_us_source,source,New York / NCBE MEE reprint,102,16.9
public_exam_us_source,source,Maryland UBE law,75,12.4
public_exam_us_source,source,California general U.S. law,100,16.6
public_exam_us_source,source,Uniform Bar Examination law,57,9.5
public_exam_us_source,source,Virginia / U.S. bar law,182,30.2
public_exam_us_source,source,Georgia bar exam law,70,11.6
public_exam_us_source,source,California fictional State of Columbia,17,2.8
public_exam,legal_category,Foundations of Legal Knowledge,68,7.9
public_exam,legal_category,Business Organizations / Agency,126,14.6
public_exam,legal_category,Secured Transactions / Commercial Law,67,7.8
public_exam,legal_category,Tort,242,28.1
public_exam,legal_category,Family,58,6.7
public_exam,legal_category,Professional Responsibility / Legal Ethics,38,4.4
public_exam,legal_category,Succession / Trusts / Estates,61,7.1
public_exam,legal_category,Civil Procedure,26,3.0
public_exam,legal_category,Civil / Civil Procedure,22,2.6
public_exam,legal_category,Criminal Procedure,23,2.7
public_exam,legal_category,Commercial / Company Law,23,2.7
public_exam,legal_category,Other (categories with fewer than 20 samples),107,12.4
real_case,legal_category,Tort,80,29.0
real_case,legal_category,Contract,72,26.1
real_case,legal_category,Criminal,54,19.6
real_case,legal_category,Intellectual Property,34,12.3
real_case,legal_category,Administrative,22,8.0
real_case,legal_category,Civil Procedure,8,2.9
real_case,legal_category,Property,6,2.2
